{"options":{"check_for_updates":true,"comment":null,"compatopts_for_requires":true,"compat_wrappedjsobject":false,"compat_metadata":false,"compat_foreach":false,"compat_prototypes":false,"noframes":null,"run_at":null,"override":{"use_includes":[],"orig_includes":[],"merge_includes":true,"use_matches":[],"orig_matches":["*://blog.csdn.net/*/article/details/*"],"merge_matches":true,"use_excludes":[],"orig_excludes":[],"merge_excludes":true,"use_connects":[],"merge_connects":true,"use_blockers":[],"orig_run_at":"document-end","orig_noframes":null,"orig_connects":[]}},"settings":{"enabled":true,"position":10},"meta":{"name":"CSDN优雅美化脚本-免登陆+旧版两栏+屏宽自动适配+自动展开+去广告","uuid":"71ae0b44-2b2c-4787-b175-ad7c07b84946","modified":1622532789322,"file_url":"https://greasyfork.org/scripts/373974-csdn%E4%BC%98%E9%9B%85%E7%BE%8E%E5%8C%96%E8%84%9A%E6%9C%AC-%E5%85%8D%E7%99%BB%E9%99%86-%E6%97%A7%E7%89%88%E4%B8%A4%E6%A0%8F-%E5%B1%8F%E5%AE%BD%E8%87%AA%E5%8A%A8%E9%80%82%E9%85%8D-%E8%87%AA%E5%8A%A8%E5%B1%95%E5%BC%80-%E5%8E%BB%E5%B9%BF%E5%91%8A/code/CSDN%E4%BC%98%E9%9B%85%E7%BE%8E%E5%8C%96%E8%84%9A%E6%9C%AC-%E5%85%8D%E7%99%BB%E9%99%86+%E6%97%A7%E7%89%88%E4%B8%A4%E6%A0%8F+%E5%B1%8F%E5%AE%BD%E8%87%AA%E5%8A%A8%E9%80%82%E9%85%8D+%E8%87%AA%E5%8A%A8%E5%B1%95%E5%BC%80+%E5%8E%BB%E5%B9%BF%E5%91%8A.user.js"}}