{"options":{"check_for_updates":true,"comment":null,"compatopts_for_requires":true,"compat_wrappedjsobject":false,"compat_metadata":false,"compat_foreach":false,"compat_prototypes":false,"noframes":null,"run_at":null,"override":{"use_includes":[],"orig_includes":[],"merge_includes":true,"use_matches":[],"orig_matches":["*://movie.douban.com/subject/*","*://www.imdb.com/title/tt*"],"merge_matches":true,"use_excludes":[],"orig_excludes":[],"merge_excludes":true,"use_connects":[],"merge_connects":true,"use_blockers":[],"orig_run_at":"document-idle","orig_noframes":null,"orig_connects":["api.douban.com","movie.douban.com","p.media-imdb.com","www.omdbapi.com"]}},"settings":{"enabled":true,"position":11},"meta":{"name":"MoreMovieRatings","uuid":"c1303f09-d476-4b0e-8870-b99994cf1383","modified":1622532879927,"file_url":"https://greasyfork.org/scripts/7687-moremovieratings/code/MoreMovieRatings.user.js"}}