{"options":{"check_for_updates":true,"comment":null,"compatopts_for_requires":true,"compat_wrappedjsobject":false,"compat_metadata":false,"compat_foreach":false,"compat_prototypes":false,"noframes":null,"run_at":null,"override":{"use_includes":[],"orig_includes":[],"merge_includes":true,"use_matches":[],"orig_matches":["*://pan.baidu.com/*","*://yun.baidu.com/*","*://*.vaptcha.com/*"],"merge_matches":true,"use_excludes":[],"orig_excludes":[],"merge_excludes":true,"use_connects":[],"merge_connects":true,"use_blockers":[],"orig_run_at":"document-idle","orig_noframes":null,"orig_connects":["localhost","yyxxs.cn","lanzoui.com","42.193.51.61","119.28.33.23","119.28.139.214","82.156.65.179","42.193.127.85","81.70.253.99","49.232.252.126","82.156.15.149","baidu.com"]}},"settings":{"enabled":true,"position":5},"meta":{"name":"百度网盘简易下载助手（直链下载复活版）","uuid":"6dc6c0ad-c2b5-47c7-bbba-958f420ba589","modified":1622532688695,"file_url":"https://greasyfork.org/scripts/418182-%E7%99%BE%E5%BA%A6%E7%BD%91%E7%9B%98%E7%AE%80%E6%98%93%E4%B8%8B%E8%BD%BD%E5%8A%A9%E6%89%8B-%E7%9B%B4%E9%93%BE%E4%B8%8B%E8%BD%BD%E5%A4%8D%E6%B4%BB%E7%89%88/code/%E7%99%BE%E5%BA%A6%E7%BD%91%E7%9B%98%E7%AE%80%E6%98%93%E4%B8%8B%E8%BD%BD%E5%8A%A9%E6%89%8B%EF%BC%88%E7%9B%B4%E9%93%BE%E4%B8%8B%E8%BD%BD%E5%A4%8D%E6%B4%BB%E7%89%88%EF%BC%89.user.js"}}