{"options":{"check_for_updates":true,"comment":null,"compatopts_for_requires":true,"compat_wrappedjsobject":false,"compat_metadata":false,"compat_foreach":false,"compat_prototypes":false,"noframes":null,"run_at":null,"override":{"use_includes":[],"orig_includes":[],"merge_includes":true,"use_matches":[],"orig_matches":["*://pan.baidu.com/disk/home*","*://yun.baidu.com/disk/home*"],"merge_matches":true,"use_excludes":[],"orig_excludes":[],"merge_excludes":true,"use_connects":[],"merge_connects":true,"use_blockers":[],"orig_run_at":"document-start","orig_noframes":null,"orig_connects":["*"]}},"settings":{"enabled":true,"position":6},"meta":{"name":"秒传链接提取","uuid":"c32e2a3f-0b16-4fd3-b1d2-a72b3e4b2f25","modified":1622532714159,"file_url":"https://greasyfork.org/scripts/424574-%E7%A7%92%E4%BC%A0%E9%93%BE%E6%8E%A5%E6%8F%90%E5%8F%96/code/%E7%A7%92%E4%BC%A0%E9%93%BE%E6%8E%A5%E6%8F%90%E5%8F%96.user.js"}}