{"options":{"check_for_updates":true,"comment":null,"compatopts_for_requires":true,"compat_wrappedjsobject":false,"compat_metadata":false,"compat_foreach":false,"compat_prototypes":false,"noframes":null,"run_at":null,"override":{"use_includes":[],"orig_includes":["*://xbeibeix.com/api/bilibili/biliplayer/*","*://xbeibeix.com/api/bilibili/*","*://*.youku.com/v_*","*://*.iqiyi.com/v_*","*://*.iqiyi.com/w_*","*://*.iqiyi.com/a_*","*://*.le.com/ptv/vplay/*","*://v.qq.com/x/cover/*","*://v.qq.com/x/page/*","*://*.tudou.com/listplay/*","*://*.tudou.com/albumplay/*","*://*.tudou.com/programs/view/*","*://*.mgtv.com/b/*","*://film.sohu.com/album/*","*://tv.sohu.com/v/*","*://*.acfun.cn/v/*","*://*.bilibili.com/video/*","*://*.bilibili.com/bangumi/play/*","*://*.baofeng.com/play/*","*://vip.pptv.com/show/*","*://v.pptv.com/show/*","*://www.le.com/ptv/vplay/*","*://vip.1905.com/play/*","*://www.wasu.cn/Play/show/*","*://www.acfun.cn/v/*","*://m.v.qq.com/x/cover/*","*://m.v.qq.com/x/page/*","*://m.v.qq.com/*","*://m.iqiyi.com/*","*://m.iqiyi.com/kszt/*","*://m.youku.com/alipay_video/*","*://m.mgtv.com/b/*","*://m.tv.sohu.com/v/*","*://m.film.sohu.com/album/*","*://m.le.com/ptv/vplay/*","*://m.pptv.com/show/*","*://m.acfun.cn/v/*","*://m.bilibili.com/video/*","*://m.bilibili.com/anime/*","*://m.bilibili.com/bangumi/play/*","*://m.wasu.cn/Play/show/*","*://www.youtube.com","*://www.youtube.com/","*://www.youtube.com/watch*","*://www.facebook.com/*","*://yt1s.com/facebook-downloader","*://item.taobao.com/*","*://*detail.tmall.com/*","*://*detail.tmall.hk/*","*://*item.jd.com/*"],"merge_includes":true,"use_matches":[],"orig_matches":[],"merge_matches":true,"use_excludes":[],"orig_excludes":[],"merge_excludes":true,"use_connects":[],"merge_connects":true,"use_blockers":[],"orig_run_at":"document-idle","orig_noframes":null,"orig_connects":["tt.shuqiandiqiu.com"]}},"settings":{"enabled":true,"position":3},"meta":{"name":"超级视频助手：哔哩哔哩解锁大会员、B站视频解析下载；A站视频解析下载；爱奇艺、腾讯、优酷、芒果等全网VIP视频免费看破解去广告(免跳直接看)；Youtube、Facebook等视频解析下载","uuid":"a12d9ed4-a87a-4e4a-bab5-03f1480cae0e","modified":1622532671288,"file_url":"https://greasyfork.org/scripts/418804-%E8%B6%85%E7%BA%A7%E8%A7%86%E9%A2%91%E5%8A%A9%E6%89%8B-%E5%93%94%E5%93%A9%E5%93%94%E5%93%A9%E8%A7%A3%E9%94%81%E5%A4%A7%E4%BC%9A%E5%91%98-b%E7%AB%99%E8%A7%86%E9%A2%91%E8%A7%A3%E6%9E%90%E4%B8%8B%E8%BD%BD-a%E7%AB%99%E8%A7%86%E9%A2%91%E8%A7%A3%E6%9E%90%E4%B8%8B%E8%BD%BD-%E7%88%B1%E5%A5%87%E8%89%BA-%E8%85%BE%E8%AE%AF-%E4%BC%98%E9%85%B7-%E8%8A%92%E6%9E%9C%E7%AD%89%E5%85%A8%E7%BD%91vip%E8%A7%86%E9%A2%91%E5%85%8D%E8%B4%B9%E7%9C%8B%E7%A0%B4%E8%A7%A3%E5%8E%BB%E5%B9%BF%E5%91%8A-%E5%85%8D%E8%B7%B3%E7%9B%B4%E6%8E%A5%E7%9C%8B-youtube-facebook%E7%AD%89%E8%A7%86%E9%A2%91%E8%A7%A3%E6%9E%90%E4%B8%8B%E8%BD%BD/code/%E8%B6%85%E7%BA%A7%E8%A7%86%E9%A2%91%E5%8A%A9%E6%89%8B%EF%BC%9A%E5%93%94%E5%93%A9%E5%93%94%E5%93%A9%E8%A7%A3%E9%94%81%E5%A4%A7%E4%BC%9A%E5%91%98%E3%80%81B%E7%AB%99%E8%A7%86%E9%A2%91%E8%A7%A3%E6%9E%90%E4%B8%8B%E8%BD%BD%EF%BC%9BA%E7%AB%99%E8%A7%86%E9%A2%91%E8%A7%A3%E6%9E%90%E4%B8%8B%E8%BD%BD%EF%BC%9B%E7%88%B1%E5%A5%87%E8%89%BA%E3%80%81%E8%85%BE%E8%AE%AF%E3%80%81%E4%BC%98%E9%85%B7%E3%80%81%E8%8A%92%E6%9E%9C%E7%AD%89%E5%85%A8%E7%BD%91VIP%E8%A7%86%E9%A2%91%E5%85%8D%E8%B4%B9%E7%9C%8B%E7%A0%B4%E8%A7%A3%E5%8E%BB%E5%B9%BF%E5%91%8A(%E5%85%8D%E8%B7%B3%E7%9B%B4%E6%8E%A5%E7%9C%8B)%EF%BC%9BYoutube%E3%80%81Facebook%E7%AD%89%E8%A7%86%E9%A2%91%E8%A7%A3%E6%9E%90%E4%B8%8B%E8%BD%BD.user.js"}}